<?xml version="1.0" encoding="UTF-8"?><Export type="BASIC_MD">
  <WEBSERVICECONFIGURATIONS/>
  <QUEUES/>
  <WSMAPPINGCATEGORY>
    <WSMAPPINGCATEGORY>
      <ID>2</ID>
      <NAME>Default</NAME>
    </WSMAPPINGCATEGORY>
  </WSMAPPINGCATEGORY>
  <ROLES/>
  <WSINVOKESOAPCONF/>
  <MLVCATEGORY>
    <MLVCATEGORY>
      <ID>5</ID>
      <NAME>Default</NAME>
    </MLVCATEGORY>
  </MLVCATEGORY>
  <PROCESSCATEGORY>
    <PROCESSCATEGORY>
      <ID>1</ID>
      <NAME>Default</NAME>
    </PROCESSCATEGORY>
  </PROCESSCATEGORY>
  <CHANNELS>
    <CHANNEL>
      <ID>4</ID>
      <NAME>APIGateway_HTTPChannel</NAME>
    </CHANNEL>
  </CHANNELS>
  <PROCESSES>
    <PROCESS>
      <ID>713</ID>
      <NAME>samit_itemrev_item_odata_process</NAME>
      <VERSION>1.0.0</VERSION>
    </PROCESS>
    <PROCESS>
      <ID>634</ID>
      <NAME>samit_m2_part_partrev_textfile_to_json_odata_process</NAME>
      <VERSION>1.0.0</VERSION>
    </PROCESS>
    <PROCESS>
      <ID>623</ID>
      <NAME>samit_m2_part_textfile_to_json_odata_process</NAME>
      <VERSION>1.0.0</VERSION>
    </PROCESS>
    <PROCESS>
      <ID>700</ID>
      <NAME>samit_read_from_tc_db_to_json_odata_process</NAME>
      <VERSION>1.0.0</VERSION>
    </PROCESS>
  </PROCESSES>
  <GATEWAYS>
    <GATEWAY>
      <ID>3</ID>
      <NAME>APIGateway</NAME>
    </GATEWAY>
  </GATEWAYS>
  <CONNECTIONS>
    <CONNECTION>
      <ID>2</ID>
      <NAME>Text connection</NAME>
    </CONNECTION>
    <CONNECTION>
      <ID>1</ID>
      <NAME>Excel Connection</NAME>
    </CONNECTION>
    <CONNECTION>
      <ID>4</ID>
      <NAME>DataBase connection</NAME>
    </CONNECTION>
    <CONNECTION>
      <ID>3</ID>
      <NAME>Teamcenter connection</NAME>
    </CONNECTION>
  </CONNECTIONS>
  <WSINVOKERESTCONF/>
</Export>
