{"name":"eQube-MI","version":"6.0.1","artifacts":{"PROJECT":[{"name":"samit_training_project","version":"6.0.1"}],"TM_MAP":[{"name":"samit_read_from_tc_db_to_json_model","version":"6.0.1"},{"name":"samit_m1_docs_excel_to_db_update_title_map","version":"6.0.1"},{"name":"samit_m1_docs_excel_to_db_explicit_rel_map","version":"6.0.1"},{"name":"samit_itemrev_item_odata_json_model","version":"6.0.1"},{"name":"samit_sample_part_odata_json_model","version":"6.0.1"},{"name":"samit_m2_part_data_model","version":"6.0.1"},{"name":"samit_m1_db_excel_part_material_view_map","version":"6.0.1"},{"name":"samit_mda_map","version":"6.0.1"},{"name":"samit_revise_doc_textfile_to_tc_map","version":"6.0.1"},{"name":"samit_release_revise_doc_textfile_to_tc_1_map","version":"6.0.1"},{"name":"samit_mda_map_copy","version":"6.0.1"},{"name":"samit_m2_part_textfile_to_json_map","version":"6.0.1"},{"name":"samit_part_partrev_textfile_to_tc_map","version":"6.0.1"},{"name":"samit_m2_part_textfile_to_json_odata_model","version":"6.0.1"},{"name":"samit_itemrev_item_odata_map","version":"6.0.1"},{"name":"samit_read_from_tc_db_to_json_odata_map","version":"6.0.1"},{"name":"samit_release_revise_doc_textfile_to_tc_map","version":"6.0.1"},{"name":"samit_release_doc_textfile_to_tc_map","version":"6.0.1"},{"name":"samit_m3_docs_excel_to_tc_map","version":"6.0.1"},{"name":"samit_m2_part_partrev_textfile_to_json_odata_map","version":"6.0.1"},{"name":"samit_m1_parts_error_handling_map","version":"6.0.1"},{"name":"samit_relate_docs_to_parts_excel_map","version":"6.0.1"}],"PROCESS":[{"name":"samit_read_from_tc_db_to_json_odata_process","version":"6.0.1"},{"name":"samit_m1_db_excel_part_material_view_process","version":"6.0.1"},{"name":"samit_m2_part_textfile_to_json_odata_process","version":"6.0.1"},{"name":"samit_m2_part_textfile_to_json_model_process","version":"6.0.1"},{"name":"samit_m3_docs_excel_to_tc_process","version":"6.0.1"},{"name":"samit_m1_parts_error_handling_process","version":"6.0.1"},{"name":"samit_m1_docs_excel_to_db_update_title_prcoess","version":"6.0.1"},{"name":"samit_m1_docs_excel_to_db_explicit_rel_prcoess","version":"6.0.1"},{"name":"samit_hello_world_process","version":"6.0.1"},{"name":"samit_part_partrev_textfile_to_tc_process","version":"6.0.1"},{"name":"samit_itemrev_item_odata_process","version":"6.0.1"},{"name":"samit_release_revise_doc_textfile_to_tc_process","version":"6.0.1"},{"name":"name_m1_docs_excel_to_db_explicit_rel_process","version":"6.0.1"},{"name":"samit_m2_part_partrev_textfile_to_json_odata_process","version":"6.0.1"},{"name":"samit_relate_docs_to_parts_excel_process","version":"6.0.1"}],"MODEL":[{"name":"Text connection","version":"6.0.1"}],"VIEW":[{"name":"samit_m1_db_excel_part_material_view","version":"6.0.1"}],"SERVICE_MAPPING":[{"name":"samit_m2_part_textfile_to_json_odata_api","version":"6.0.1"},{"name":"samit_read_from_tc_db_to_json_odata_api","version":"6.0.1"},{"name":"samit_itemrev_item_odata_api","version":"6.0.1"},{"name":"samit_sample_part_odata_api","version":"6.0.1"}],"TRIGGERCONF":[{"name":"samit_Reqmnt_ExcelToDB_trigger","version":"6.0.1"},{"name":"samit_itemrev_item_odata_process_JS_Trigger","version":"6.0.1"},{"name":"samit_m1_db_excel_part_material_view_trigger","version":"6.0.1"},{"name":"samit_release_revise_doc_textfile_to_tc_trigger","version":"6.0.1"},{"name":"samit_m1_docs_excel_to_db_update_title_trigger","version":"6.0.1"},{"name":"samit_m1_parts_error_handling_trigger","version":"6.0.1"},{"name":"samit_m2_part_textfile_to_json_model_process_NV_Trigger","version":"6.0.1"},{"name":"samit_m3_docs_excel_to_tc_trigger","version":"6.0.1"},{"name":"samit_Reqmnt_ExcelToDB_trigger_copy","version":"6.0.1"},{"name":"samit_m2_part_partrev_textfile_to_json_odata_process_JS_Trigger","version":"6.0.1"},{"name":"samit_hello_world_trigger","version":"6.0.1"},{"name":"samit_relate_docs_to_parts_excel_trigger","version":"6.0.1"},{"name":"samit_m2_part_textfile_to_json_odata_process_JS_Trigger","version":"6.0.1"},{"name":"samit_part_partrev_textfile_to_tc_trigger","version":"6.0.1"},{"name":"samit_m1_docs_excel_to_db_explicit_rel_trigger","version":"6.0.1"},{"name":"samit_read_from_tc_db_to_json_odata_process_JS_Trigger","version":"6.0.1"}]}}