<?xml version="1.0" encoding="UTF-8" standalone="yes"?>
<Export type="METAINFO" version="eQube®-MI  6.0.1">
    <entities>
        <entity>
            <entityIdentifier>
                <id>1076</id>
                <name>samit_read_from_tc_db_to_json_odata_map</name>
                <type>TM_MAP</type>
            </entityIdentifier>
            <entityReferences/>
        </entity>
        <entity>
            <entityIdentifier>
                <id>1125</id>
                <name>samit_release_doc_textfile_to_tc_map</name>
                <type>TM_MAP</type>
            </entityIdentifier>
            <entityReferences/>
        </entity>
        <entity>
            <entityIdentifier>
                <id>805</id>
                <name>samit_m1_docs_excel_to_db_explicit_rel_map</name>
                <type>TM_MAP</type>
            </entityIdentifier>
            <entityReferences/>
        </entity>
        <entity>
            <entityIdentifier>
                <id>634</id>
                <name>samit_m2_part_partrev_textfile_to_json_odata_process</name>
                <type>PROCESS</type>
            </entityIdentifier>
            <entityReferences>
                <entityIdentifier>
                    <id>938</id>
                    <name>samit_m2_part_partrev_textfile_to_json_odata_map</name>
                    <type>TM_MAP</type>
                </entityIdentifier>
                <entityIdentifier>
                    <id>363</id>
                    <name>samit_m2_part_partrev_textfile_to_json_odata_process_JS_Trigger</name>
                    <type>TRIGGERCONF</type>
                </entityIdentifier>
            </entityReferences>
        </entity>
        <entity>
            <entityIdentifier>
                <id>541</id>
                <name>name_m1_docs_excel_to_db_explicit_rel_process</name>
                <type>PROCESS</type>
            </entityIdentifier>
            <entityReferences>
                <entityIdentifier>
                    <id>279</id>
                    <name>samit_Reqmnt_ExcelToDB_trigger</name>
                    <type>TRIGGERCONF</type>
                </entityIdentifier>
                <entityIdentifier>
                    <id>770</id>
                    <name>samit_mda_map</name>
                    <type>TM_MAP</type>
                </entityIdentifier>
            </entityReferences>
        </entity>
        <entity>
            <entityIdentifier>
                <id>677</id>
                <name>samit_part_partrev_textfile_to_tc_process</name>
                <type>PROCESS</type>
            </entityIdentifier>
            <entityReferences>
                <entityIdentifier>
                    <id>1015</id>
                    <name>samit_part_partrev_textfile_to_tc_map</name>
                    <type>TM_MAP</type>
                </entityIdentifier>
                <entityIdentifier>
                    <id>397</id>
                    <name>samit_part_partrev_textfile_to_tc_trigger</name>
                    <type>TRIGGERCONF</type>
                </entityIdentifier>
            </entityReferences>
        </entity>
        <entity>
            <entityIdentifier>
                <name>Root</name>
            </entityIdentifier>
            <entityReferences>
                <entityIdentifier>
                    <id>24</id>
                    <name>samit_training_project</name>
                    <type>PROJECT</type>
                </entityIdentifier>
            </entityReferences>
        </entity>
        <entity>
            <entityIdentifier>
                <id>870</id>
                <name>samit_m1_db_excel_part_material_view_map</name>
                <type>TM_MAP</type>
            </entityIdentifier>
            <entityReferences/>
        </entity>
        <entity>
            <entityIdentifier>
                <id>2185</id>
                <name>samit_itemrev_item_odata_api</name>
                <type>SERVICE_MAPPING</type>
            </entityIdentifier>
            <entityReferences>
                <entityIdentifier>
                    <id>713</id>
                    <name>samit_itemrev_item_odata_process</name>
                    <type>PROCESS</type>
                </entityIdentifier>
                <entityIdentifier>
                    <id>1085</id>
                    <name>samit_itemrev_item_odata_json_model</name>
                    <type>TM_MAP</type>
                </entityIdentifier>
            </entityReferences>
        </entity>
        <entity>
            <entityIdentifier>
                <id>280</id>
                <name>samit_Reqmnt_ExcelToDB_trigger_copy</name>
                <type>TRIGGERCONF</type>
            </entityIdentifier>
            <entityReferences/>
        </entity>
        <entity>
            <entityIdentifier>
                <id>286</id>
                <name>samit_m1_docs_excel_to_db_explicit_rel_trigger</name>
                <type>TRIGGERCONF</type>
            </entityIdentifier>
            <entityReferences/>
        </entity>
        <entity>
            <entityIdentifier>
                <id>445</id>
                <name>samit_release_revise_doc_textfile_to_tc_trigger</name>
                <type>TRIGGERCONF</type>
            </entityIdentifier>
            <entityReferences/>
        </entity>
        <entity>
            <entityIdentifier>
                <id>488</id>
                <name>samit_hello_world_process</name>
                <type>PROCESS</type>
            </entityIdentifier>
            <entityReferences>
                <entityIdentifier>
                    <id>248</id>
                    <name>samit_hello_world_trigger</name>
                    <type>TRIGGERCONF</type>
                </entityIdentifier>
            </entityReferences>
        </entity>
        <entity>
            <entityIdentifier>
                <id>824</id>
                <name>samit_m1_docs_excel_to_db_update_title_map</name>
                <type>TM_MAP</type>
            </entityIdentifier>
            <entityReferences/>
        </entity>
        <entity>
            <entityIdentifier>
                <id>1126</id>
                <name>samit_release_revise_doc_textfile_to_tc_1_map</name>
                <type>TM_MAP</type>
            </entityIdentifier>
            <entityReferences/>
        </entity>
        <entity>
            <entityIdentifier>
                <id>383</id>
                <name>samit_m3_docs_excel_to_tc_trigger</name>
                <type>TRIGGERCONF</type>
            </entityIdentifier>
            <entityReferences/>
        </entity>
        <entity>
            <entityIdentifier>
                <id>2</id>
                <name>Text connection</name>
                <type>MODEL</type>
            </entityIdentifier>
            <entityReferences/>
        </entity>
        <entity>
            <entityIdentifier>
                <id>938</id>
                <name>samit_m2_part_partrev_textfile_to_json_odata_map</name>
                <type>TM_MAP</type>
            </entityIdentifier>
            <entityReferences/>
        </entity>
        <entity>
            <entityIdentifier>
                <id>713</id>
                <name>samit_itemrev_item_odata_process</name>
                <type>PROCESS</type>
            </entityIdentifier>
            <entityReferences>
                <entityIdentifier>
                    <id>434</id>
                    <name>samit_itemrev_item_odata_process_JS_Trigger</name>
                    <type>TRIGGERCONF</type>
                </entityIdentifier>
                <entityIdentifier>
                    <id>1094</id>
                    <name>samit_itemrev_item_odata_map</name>
                    <type>TM_MAP</type>
                </entityIdentifier>
            </entityReferences>
        </entity>
        <entity>
            <entityIdentifier>
                <id>896</id>
                <name>samit_m2_part_textfile_to_json_map</name>
                <type>TM_MAP</type>
            </entityIdentifier>
            <entityReferences/>
        </entity>
        <entity>
            <entityIdentifier>
                <id>25</id>
                <name>samit_m1_db_excel_part_material_view</name>
                <type>VIEW</type>
            </entityIdentifier>
            <entityReferences/>
        </entity>
        <entity>
            <entityIdentifier>
                <id>623</id>
                <name>samit_m2_part_textfile_to_json_odata_process</name>
                <type>PROCESS</type>
            </entityIdentifier>
            <entityReferences>
                <entityIdentifier>
                    <id>352</id>
                    <name>samit_m2_part_textfile_to_json_odata_process_JS_Trigger</name>
                    <type>TRIGGERCONF</type>
                </entityIdentifier>
            </entityReferences>
        </entity>
        <entity>
            <entityIdentifier>
                <id>542</id>
                <name>samit_m1_docs_excel_to_db_explicit_rel_prcoess</name>
                <type>PROCESS</type>
            </entityIdentifier>
            <entityReferences>
                <entityIdentifier>
                    <id>286</id>
                    <name>samit_m1_docs_excel_to_db_explicit_rel_trigger</name>
                    <type>TRIGGERCONF</type>
                </entityIdentifier>
                <entityIdentifier>
                    <id>805</id>
                    <name>samit_m1_docs_excel_to_db_explicit_rel_map</name>
                    <type>TM_MAP</type>
                </entityIdentifier>
            </entityReferences>
        </entity>
        <entity>
            <entityIdentifier>
                <id>363</id>
                <name>samit_m2_part_partrev_textfile_to_json_odata_process_JS_Trigger</name>
                <type>TRIGGERCONF</type>
            </entityIdentifier>
            <entityReferences/>
        </entity>
        <entity>
            <entityIdentifier>
                <id>1815</id>
                <name>samit_m2_part_textfile_to_json_odata_api</name>
                <type>SERVICE_MAPPING</type>
            </entityIdentifier>
            <entityReferences>
                <entityIdentifier>
                    <id>956</id>
                    <name>samit_m2_part_textfile_to_json_odata_model</name>
                    <type>TM_MAP</type>
                </entityIdentifier>
                <entityIdentifier>
                    <id>634</id>
                    <name>samit_m2_part_partrev_textfile_to_json_odata_process</name>
                    <type>PROCESS</type>
                </entityIdentifier>
            </entityReferences>
        </entity>
        <entity>
            <entityIdentifier>
                <id>1074</id>
                <name>samit_read_from_tc_db_to_json_model</name>
                <type>TM_MAP</type>
            </entityIdentifier>
            <entityReferences/>
        </entity>
        <entity>
            <entityIdentifier>
                <id>572</id>
                <name>samit_m1_parts_error_handling_process</name>
                <type>PROCESS</type>
            </entityIdentifier>
            <entityReferences>
                <entityIdentifier>
                    <id>836</id>
                    <name>samit_m1_parts_error_handling_map</name>
                    <type>TM_MAP</type>
                </entityIdentifier>
                <entityIdentifier>
                    <id>309</id>
                    <name>samit_m1_parts_error_handling_trigger</name>
                    <type>TRIGGERCONF</type>
                </entityIdentifier>
            </entityReferences>
        </entity>
        <entity>
            <entityIdentifier>
                <id>1035</id>
                <name>samit_relate_docs_to_parts_excel_map</name>
                <type>TM_MAP</type>
            </entityIdentifier>
            <entityReferences/>
        </entity>
        <entity>
            <entityIdentifier>
                <id>24</id>
                <name>samit_training_project</name>
                <type>PROJECT</type>
            </entityIdentifier>
            <entityReferences>
                <entityIdentifier>
                    <id>1125</id>
                    <name>samit_release_doc_textfile_to_tc_map</name>
                    <type>TM_MAP</type>
                </entityIdentifier>
                <entityIdentifier>
                    <id>1076</id>
                    <name>samit_read_from_tc_db_to_json_odata_map</name>
                    <type>TM_MAP</type>
                </entityIdentifier>
                <entityIdentifier>
                    <id>805</id>
                    <name>samit_m1_docs_excel_to_db_explicit_rel_map</name>
                    <type>TM_MAP</type>
                </entityIdentifier>
                <entityIdentifier>
                    <id>634</id>
                    <name>samit_m2_part_partrev_textfile_to_json_odata_process</name>
                    <type>PROCESS</type>
                </entityIdentifier>
                <entityIdentifier>
                    <id>677</id>
                    <name>samit_part_partrev_textfile_to_tc_process</name>
                    <type>PROCESS</type>
                </entityIdentifier>
                <entityIdentifier>
                    <id>541</id>
                    <name>name_m1_docs_excel_to_db_explicit_rel_process</name>
                    <type>PROCESS</type>
                </entityIdentifier>
                <entityIdentifier>
                    <id>870</id>
                    <name>samit_m1_db_excel_part_material_view_map</name>
                    <type>TM_MAP</type>
                </entityIdentifier>
                <entityIdentifier>
                    <id>2185</id>
                    <name>samit_itemrev_item_odata_api</name>
                    <type>SERVICE_MAPPING</type>
                </entityIdentifier>
                <entityIdentifier>
                    <id>280</id>
                    <name>samit_Reqmnt_ExcelToDB_trigger_copy</name>
                    <type>TRIGGERCONF</type>
                </entityIdentifier>
                <entityIdentifier>
                    <id>286</id>
                    <name>samit_m1_docs_excel_to_db_explicit_rel_trigger</name>
                    <type>TRIGGERCONF</type>
                </entityIdentifier>
                <entityIdentifier>
                    <id>445</id>
                    <name>samit_release_revise_doc_textfile_to_tc_trigger</name>
                    <type>TRIGGERCONF</type>
                </entityIdentifier>
                <entityIdentifier>
                    <id>488</id>
                    <name>samit_hello_world_process</name>
                    <type>PROCESS</type>
                </entityIdentifier>
                <entityIdentifier>
                    <id>824</id>
                    <name>samit_m1_docs_excel_to_db_update_title_map</name>
                    <type>TM_MAP</type>
                </entityIdentifier>
                <entityIdentifier>
                    <id>1126</id>
                    <name>samit_release_revise_doc_textfile_to_tc_1_map</name>
                    <type>TM_MAP</type>
                </entityIdentifier>
                <entityIdentifier>
                    <id>383</id>
                    <name>samit_m3_docs_excel_to_tc_trigger</name>
                    <type>TRIGGERCONF</type>
                </entityIdentifier>
                <entityIdentifier>
                    <id>938</id>
                    <name>samit_m2_part_partrev_textfile_to_json_odata_map</name>
                    <type>TM_MAP</type>
                </entityIdentifier>
                <entityIdentifier>
                    <id>713</id>
                    <name>samit_itemrev_item_odata_process</name>
                    <type>PROCESS</type>
                </entityIdentifier>
                <entityIdentifier>
                    <id>896</id>
                    <name>samit_m2_part_textfile_to_json_map</name>
                    <type>TM_MAP</type>
                </entityIdentifier>
                <entityIdentifier>
                    <id>25</id>
                    <name>samit_m1_db_excel_part_material_view</name>
                    <type>VIEW</type>
                </entityIdentifier>
                <entityIdentifier>
                    <id>623</id>
                    <name>samit_m2_part_textfile_to_json_odata_process</name>
                    <type>PROCESS</type>
                </entityIdentifier>
                <entityIdentifier>
                    <id>542</id>
                    <name>samit_m1_docs_excel_to_db_explicit_rel_prcoess</name>
                    <type>PROCESS</type>
                </entityIdentifier>
                <entityIdentifier>
                    <id>363</id>
                    <name>samit_m2_part_partrev_textfile_to_json_odata_process_JS_Trigger</name>
                    <type>TRIGGERCONF</type>
                </entityIdentifier>
                <entityIdentifier>
                    <id>1815</id>
                    <name>samit_m2_part_textfile_to_json_odata_api</name>
                    <type>SERVICE_MAPPING</type>
                </entityIdentifier>
                <entityIdentifier>
                    <id>572</id>
                    <name>samit_m1_parts_error_handling_process</name>
                    <type>PROCESS</type>
                </entityIdentifier>
                <entityIdentifier>
                    <id>1074</id>
                    <name>samit_read_from_tc_db_to_json_model</name>
                    <type>TM_MAP</type>
                </entityIdentifier>
                <entityIdentifier>
                    <id>1035</id>
                    <name>samit_relate_docs_to_parts_excel_map</name>
                    <type>TM_MAP</type>
                </entityIdentifier>
                <entityIdentifier>
                    <id>1804</id>
                    <name>samit_sample_part_odata_api</name>
                    <type>SERVICE_MAPPING</type>
                </entityIdentifier>
                <entityIdentifier>
                    <id>333</id>
                    <name>samit_m1_db_excel_part_material_view_trigger</name>
                    <type>TRIGGERCONF</type>
                </entityIdentifier>
                <entityIdentifier>
                    <id>434</id>
                    <name>samit_itemrev_item_odata_process_JS_Trigger</name>
                    <type>TRIGGERCONF</type>
                </entityIdentifier>
                <entityIdentifier>
                    <id>727</id>
                    <name>samit_release_revise_doc_textfile_to_tc_process</name>
                    <type>PROCESS</type>
                </entityIdentifier>
                <entityIdentifier>
                    <id>2064</id>
                    <name>samit_read_from_tc_db_to_json_odata_api</name>
                    <type>SERVICE_MAPPING</type>
                </entityIdentifier>
                <entityIdentifier>
                    <id>1085</id>
                    <name>samit_itemrev_item_odata_json_model</name>
                    <type>TM_MAP</type>
                </entityIdentifier>
                <entityIdentifier>
                    <id>424</id>
                    <name>samit_read_from_tc_db_to_json_odata_process_JS_Trigger</name>
                    <type>TRIGGERCONF</type>
                </entityIdentifier>
                <entityIdentifier>
                    <id>414</id>
                    <name>samit_relate_docs_to_parts_excel_trigger</name>
                    <type>TRIGGERCONF</type>
                </entityIdentifier>
                <entityIdentifier>
                    <id>352</id>
                    <name>samit_m2_part_textfile_to_json_odata_process_JS_Trigger</name>
                    <type>TRIGGERCONF</type>
                </entityIdentifier>
                <entityIdentifier>
                    <id>555</id>
                    <name>samit_m1_docs_excel_to_db_update_title_prcoess</name>
                    <type>PROCESS</type>
                </entityIdentifier>
                <entityIdentifier>
                    <id>612</id>
                    <name>samit_m2_part_textfile_to_json_model_process</name>
                    <type>PROCESS</type>
                </entityIdentifier>
                <entityIdentifier>
                    <id>700</id>
                    <name>samit_read_from_tc_db_to_json_odata_process</name>
                    <type>PROCESS</type>
                </entityIdentifier>
                <entityIdentifier>
                    <id>397</id>
                    <name>samit_part_partrev_textfile_to_tc_trigger</name>
                    <type>TRIGGERCONF</type>
                </entityIdentifier>
                <entityIdentifier>
                    <id>909</id>
                    <name>samit_sample_part_odata_json_model</name>
                    <type>TM_MAP</type>
                </entityIdentifier>
                <entityIdentifier>
                    <id>991</id>
                    <name>samit_m3_docs_excel_to_tc_map</name>
                    <type>TM_MAP</type>
                </entityIdentifier>
                <entityIdentifier>
                    <id>1094</id>
                    <name>samit_itemrev_item_odata_map</name>
                    <type>TM_MAP</type>
                </entityIdentifier>
                <entityIdentifier>
                    <id>956</id>
                    <name>samit_m2_part_textfile_to_json_odata_model</name>
                    <type>TM_MAP</type>
                </entityIdentifier>
                <entityIdentifier>
                    <id>689</id>
                    <name>samit_relate_docs_to_parts_excel_process</name>
                    <type>PROCESS</type>
                </entityIdentifier>
                <entityIdentifier>
                    <id>1015</id>
                    <name>samit_part_partrev_textfile_to_tc_map</name>
                    <type>TM_MAP</type>
                </entityIdentifier>
                <entityIdentifier>
                    <id>279</id>
                    <name>samit_Reqmnt_ExcelToDB_trigger</name>
                    <type>TRIGGERCONF</type>
                </entityIdentifier>
                <entityIdentifier>
                    <id>248</id>
                    <name>samit_hello_world_trigger</name>
                    <type>TRIGGERCONF</type>
                </entityIdentifier>
                <entityIdentifier>
                    <id>299</id>
                    <name>samit_m1_docs_excel_to_db_update_title_trigger</name>
                    <type>TRIGGERCONF</type>
                </entityIdentifier>
                <entityIdentifier>
                    <id>1134</id>
                    <name>samit_revise_doc_textfile_to_tc_map</name>
                    <type>TM_MAP</type>
                </entityIdentifier>
                <entityIdentifier>
                    <id>770</id>
                    <name>samit_mda_map</name>
                    <type>TM_MAP</type>
                </entityIdentifier>
                <entityIdentifier>
                    <id>883</id>
                    <name>samit_m2_part_data_model</name>
                    <type>TM_MAP</type>
                </entityIdentifier>
                <entityIdentifier>
                    <id>1117</id>
                    <name>samit_release_revise_doc_textfile_to_tc_map</name>
                    <type>TM_MAP</type>
                </entityIdentifier>
                <entityIdentifier>
                    <id>664</id>
                    <name>samit_m3_docs_excel_to_tc_process</name>
                    <type>PROCESS</type>
                </entityIdentifier>
                <entityIdentifier>
                    <id>836</id>
                    <name>samit_m1_parts_error_handling_map</name>
                    <type>TM_MAP</type>
                </entityIdentifier>
                <entityIdentifier>
                    <id>341</id>
                    <name>samit_m2_part_textfile_to_json_model_process_NV_Trigger</name>
                    <type>TRIGGERCONF</type>
                </entityIdentifier>
                <entityIdentifier>
                    <id>599</id>
                    <name>samit_m1_db_excel_part_material_view_process</name>
                    <type>PROCESS</type>
                </entityIdentifier>
                <entityIdentifier>
                    <id>771</id>
                    <name>samit_mda_map_copy</name>
                    <type>TM_MAP</type>
                </entityIdentifier>
                <entityIdentifier>
                    <id>309</id>
                    <name>samit_m1_parts_error_handling_trigger</name>
                    <type>TRIGGERCONF</type>
                </entityIdentifier>
            </entityReferences>
        </entity>
        <entity>
            <entityIdentifier>
                <id>1804</id>
                <name>samit_sample_part_odata_api</name>
                <type>SERVICE_MAPPING</type>
            </entityIdentifier>
            <entityReferences>
                <entityIdentifier>
                    <id>623</id>
                    <name>samit_m2_part_textfile_to_json_odata_process</name>
                    <type>PROCESS</type>
                </entityIdentifier>
                <entityIdentifier>
                    <id>909</id>
                    <name>samit_sample_part_odata_json_model</name>
                    <type>TM_MAP</type>
                </entityIdentifier>
            </entityReferences>
        </entity>
        <entity>
            <entityIdentifier>
                <id>333</id>
                <name>samit_m1_db_excel_part_material_view_trigger</name>
                <type>TRIGGERCONF</type>
            </entityIdentifier>
            <entityReferences/>
        </entity>
        <entity>
            <entityIdentifier>
                <id>434</id>
                <name>samit_itemrev_item_odata_process_JS_Trigger</name>
                <type>TRIGGERCONF</type>
            </entityIdentifier>
            <entityReferences/>
        </entity>
        <entity>
            <entityIdentifier>
                <id>727</id>
                <name>samit_release_revise_doc_textfile_to_tc_process</name>
                <type>PROCESS</type>
            </entityIdentifier>
            <entityReferences>
                <entityIdentifier>
                    <id>445</id>
                    <name>samit_release_revise_doc_textfile_to_tc_trigger</name>
                    <type>TRIGGERCONF</type>
                </entityIdentifier>
                <entityIdentifier>
                    <id>1134</id>
                    <name>samit_revise_doc_textfile_to_tc_map</name>
                    <type>TM_MAP</type>
                </entityIdentifier>
                <entityIdentifier>
                    <id>1126</id>
                    <name>samit_release_revise_doc_textfile_to_tc_1_map</name>
                    <type>TM_MAP</type>
                </entityIdentifier>
                <entityIdentifier>
                    <id>2</id>
                    <name>Text connection</name>
                    <type>MODEL</type>
                </entityIdentifier>
            </entityReferences>
        </entity>
        <entity>
            <entityIdentifier>
                <id>2064</id>
                <name>samit_read_from_tc_db_to_json_odata_api</name>
                <type>SERVICE_MAPPING</type>
            </entityIdentifier>
            <entityReferences>
                <entityIdentifier>
                    <id>700</id>
                    <name>samit_read_from_tc_db_to_json_odata_process</name>
                    <type>PROCESS</type>
                </entityIdentifier>
                <entityIdentifier>
                    <id>1074</id>
                    <name>samit_read_from_tc_db_to_json_model</name>
                    <type>TM_MAP</type>
                </entityIdentifier>
            </entityReferences>
        </entity>
        <entity>
            <entityIdentifier>
                <id>1085</id>
                <name>samit_itemrev_item_odata_json_model</name>
                <type>TM_MAP</type>
            </entityIdentifier>
            <entityReferences/>
        </entity>
        <entity>
            <entityIdentifier>
                <id>424</id>
                <name>samit_read_from_tc_db_to_json_odata_process_JS_Trigger</name>
                <type>TRIGGERCONF</type>
            </entityIdentifier>
            <entityReferences/>
        </entity>
        <entity>
            <entityIdentifier>
                <id>414</id>
                <name>samit_relate_docs_to_parts_excel_trigger</name>
                <type>TRIGGERCONF</type>
            </entityIdentifier>
            <entityReferences/>
        </entity>
        <entity>
            <entityIdentifier>
                <id>352</id>
                <name>samit_m2_part_textfile_to_json_odata_process_JS_Trigger</name>
                <type>TRIGGERCONF</type>
            </entityIdentifier>
            <entityReferences/>
        </entity>
        <entity>
            <entityIdentifier>
                <id>555</id>
                <name>samit_m1_docs_excel_to_db_update_title_prcoess</name>
                <type>PROCESS</type>
            </entityIdentifier>
            <entityReferences>
                <entityIdentifier>
                    <id>299</id>
                    <name>samit_m1_docs_excel_to_db_update_title_trigger</name>
                    <type>TRIGGERCONF</type>
                </entityIdentifier>
                <entityIdentifier>
                    <id>824</id>
                    <name>samit_m1_docs_excel_to_db_update_title_map</name>
                    <type>TM_MAP</type>
                </entityIdentifier>
            </entityReferences>
        </entity>
        <entity>
            <entityIdentifier>
                <id>612</id>
                <name>samit_m2_part_textfile_to_json_model_process</name>
                <type>PROCESS</type>
            </entityIdentifier>
            <entityReferences>
                <entityIdentifier>
                    <id>341</id>
                    <name>samit_m2_part_textfile_to_json_model_process_NV_Trigger</name>
                    <type>TRIGGERCONF</type>
                </entityIdentifier>
                <entityIdentifier>
                    <id>896</id>
                    <name>samit_m2_part_textfile_to_json_map</name>
                    <type>TM_MAP</type>
                </entityIdentifier>
            </entityReferences>
        </entity>
        <entity>
            <entityIdentifier>
                <id>700</id>
                <name>samit_read_from_tc_db_to_json_odata_process</name>
                <type>PROCESS</type>
            </entityIdentifier>
            <entityReferences>
                <entityIdentifier>
                    <id>1076</id>
                    <name>samit_read_from_tc_db_to_json_odata_map</name>
                    <type>TM_MAP</type>
                </entityIdentifier>
                <entityIdentifier>
                    <id>424</id>
                    <name>samit_read_from_tc_db_to_json_odata_process_JS_Trigger</name>
                    <type>TRIGGERCONF</type>
                </entityIdentifier>
            </entityReferences>
        </entity>
        <entity>
            <entityIdentifier>
                <id>397</id>
                <name>samit_part_partrev_textfile_to_tc_trigger</name>
                <type>TRIGGERCONF</type>
            </entityIdentifier>
            <entityReferences/>
        </entity>
        <entity>
            <entityIdentifier>
                <id>909</id>
                <name>samit_sample_part_odata_json_model</name>
                <type>TM_MAP</type>
            </entityIdentifier>
            <entityReferences/>
        </entity>
        <entity>
            <entityIdentifier>
                <id>991</id>
                <name>samit_m3_docs_excel_to_tc_map</name>
                <type>TM_MAP</type>
            </entityIdentifier>
            <entityReferences/>
        </entity>
        <entity>
            <entityIdentifier>
                <id>1094</id>
                <name>samit_itemrev_item_odata_map</name>
                <type>TM_MAP</type>
            </entityIdentifier>
            <entityReferences/>
        </entity>
        <entity>
            <entityIdentifier>
                <id>956</id>
                <name>samit_m2_part_textfile_to_json_odata_model</name>
                <type>TM_MAP</type>
            </entityIdentifier>
            <entityReferences/>
        </entity>
        <entity>
            <entityIdentifier>
                <id>689</id>
                <name>samit_relate_docs_to_parts_excel_process</name>
                <type>PROCESS</type>
            </entityIdentifier>
            <entityReferences>
                <entityIdentifier>
                    <id>1035</id>
                    <name>samit_relate_docs_to_parts_excel_map</name>
                    <type>TM_MAP</type>
                </entityIdentifier>
                <entityIdentifier>
                    <id>414</id>
                    <name>samit_relate_docs_to_parts_excel_trigger</name>
                    <type>TRIGGERCONF</type>
                </entityIdentifier>
            </entityReferences>
        </entity>
        <entity>
            <entityIdentifier>
                <id>279</id>
                <name>samit_Reqmnt_ExcelToDB_trigger</name>
                <type>TRIGGERCONF</type>
            </entityIdentifier>
            <entityReferences/>
        </entity>
        <entity>
            <entityIdentifier>
                <id>1015</id>
                <name>samit_part_partrev_textfile_to_tc_map</name>
                <type>TM_MAP</type>
            </entityIdentifier>
            <entityReferences/>
        </entity>
        <entity>
            <entityIdentifier>
                <id>1134</id>
                <name>samit_revise_doc_textfile_to_tc_map</name>
                <type>TM_MAP</type>
            </entityIdentifier>
            <entityReferences/>
        </entity>
        <entity>
            <entityIdentifier>
                <id>299</id>
                <name>samit_m1_docs_excel_to_db_update_title_trigger</name>
                <type>TRIGGERCONF</type>
            </entityIdentifier>
            <entityReferences/>
        </entity>
        <entity>
            <entityIdentifier>
                <id>248</id>
                <name>samit_hello_world_trigger</name>
                <type>TRIGGERCONF</type>
            </entityIdentifier>
            <entityReferences/>
        </entity>
        <entity>
            <entityIdentifier>
                <id>770</id>
                <name>samit_mda_map</name>
                <type>TM_MAP</type>
            </entityIdentifier>
            <entityReferences/>
        </entity>
        <entity>
            <entityIdentifier>
                <id>883</id>
                <name>samit_m2_part_data_model</name>
                <type>TM_MAP</type>
            </entityIdentifier>
            <entityReferences/>
        </entity>
        <entity>
            <entityIdentifier>
                <id>1117</id>
                <name>samit_release_revise_doc_textfile_to_tc_map</name>
                <type>TM_MAP</type>
            </entityIdentifier>
            <entityReferences/>
        </entity>
        <entity>
            <entityIdentifier>
                <id>664</id>
                <name>samit_m3_docs_excel_to_tc_process</name>
                <type>PROCESS</type>
            </entityIdentifier>
            <entityReferences>
                <entityIdentifier>
                    <id>383</id>
                    <name>samit_m3_docs_excel_to_tc_trigger</name>
                    <type>TRIGGERCONF</type>
                </entityIdentifier>
                <entityIdentifier>
                    <id>991</id>
                    <name>samit_m3_docs_excel_to_tc_map</name>
                    <type>TM_MAP</type>
                </entityIdentifier>
            </entityReferences>
        </entity>
        <entity>
            <entityIdentifier>
                <id>836</id>
                <name>samit_m1_parts_error_handling_map</name>
                <type>TM_MAP</type>
            </entityIdentifier>
            <entityReferences/>
        </entity>
        <entity>
            <entityIdentifier>
                <id>341</id>
                <name>samit_m2_part_textfile_to_json_model_process_NV_Trigger</name>
                <type>TRIGGERCONF</type>
            </entityIdentifier>
            <entityReferences/>
        </entity>
        <entity>
            <entityIdentifier>
                <id>599</id>
                <name>samit_m1_db_excel_part_material_view_process</name>
                <type>PROCESS</type>
            </entityIdentifier>
            <entityReferences>
                <entityIdentifier>
                    <id>333</id>
                    <name>samit_m1_db_excel_part_material_view_trigger</name>
                    <type>TRIGGERCONF</type>
                </entityIdentifier>
                <entityIdentifier>
                    <id>25</id>
                    <name>samit_m1_db_excel_part_material_view</name>
                    <type>VIEW</type>
                </entityIdentifier>
                <entityIdentifier>
                    <id>870</id>
                    <name>samit_m1_db_excel_part_material_view_map</name>
                    <type>TM_MAP</type>
                </entityIdentifier>
            </entityReferences>
        </entity>
        <entity>
            <entityIdentifier>
                <id>771</id>
                <name>samit_mda_map_copy</name>
                <type>TM_MAP</type>
            </entityIdentifier>
            <entityReferences/>
        </entity>
        <entity>
            <entityIdentifier>
                <id>309</id>
                <name>samit_m1_parts_error_handling_trigger</name>
                <type>TRIGGERCONF</type>
            </entityIdentifier>
            <entityReferences/>
        </entity>
    </entities>
</Export>
